instancia,obj_default,obj_warm,delta_obj_warm_menos_default,gap_default,gap_warm,primer_obj_default,primer_obj_warm,t_primer_default,t_primer_warm,integral_default,integral_warm,warm_accepted
c_n_9_l_3_s_4_i_0,11.0,7.0,-4.0,1.1999999999999968,0.399999999999998,40.0,7.0,0.09727999999999999,0.0,8.279320683102767,0.0,True
c_n_9_l_3_s_4_i_1,10.500000000000004,7.0,-3.5000000000000036,2.499999999999993,1.3333333333333277,50.5,7.0,0.079342,0.0,7.41121696103326,0.0,True
c_n_9_l_3_s_4_i_2,11.0,8.0,-3.0,1.1999999999999953,0.5999999999999954,35.0,8.0,0.076724,0.0,8.217722793650793,0.0,True
c_n_9_l_3_s_4_i_3,13.0,6.0,-7.0,1.5999999999999963,0.1999999999999983,25.5,6.0,0.077163,0.0,7.675163637042743,0.0,True
c_n_9_l_3_s_4_i_4,14.0,7.0,-7.0,2.5,0.7499999999999984,30.0,7.0,0.043546,0.0,8.658595400000001,0.0,True
c_n_9_l_3_s_4_i_5,13.5,6.0,-7.5,1.6999999999999942,0.1999999999999983,28.5,6.0,0.08005799999999999,0.0,7.924958524327898,0.0,True
c_n_9_l_3_s_4_i_6,16.000000000000007,6.5,-9.500000000000007,2.1999999999999993,0.2999999999999991,35.0,6.5,0.064594,0.0,9.08126905315126,0.0,True
c_n_9_l_3_s_4_i_7,14.0,7.0,-7.0,2.499999999999994,0.7499999999999953,27.5,7.0,0.070532,0.0,7.803836215151516,0.0,True
c_n_9_l_3_s_4_i_8,15.0,7.0,-8.0,1.9999999999999958,0.399999999999998,34.0,7.0,0.090859,0.0,8.355155230161753,0.0,True
c_n_9_l_3_s_4_i_9,13.0,7.0,-6.0,2.2499999999999973,0.7499999999999969,29.0,7.0,0.07586999999999999,0.0,6.535524567639257,0.0,True
