experimento,familia,condicion,n,factibles_o_aceptados,validados_independientemente,tiempo_medio_s,objetivo_medio,T_medio,no_satisfechos_medio,gap_final_medio,primal_integral_medio
constructivo,L9_P3_C4,heuristica,10,10,10,5.7161864145000205,6.85,5.45,1.4,,
constructivo,L9_P3_C5,heuristica,10,10,10,6.207845354700021,10.48,7.28,3.2,,
constructivo,L9_P3_C6,heuristica,10,10,10,14.525765665500012,13.266666666666667,8.766666666666667,4.5,,
SCIP,L9_P3_C4_diag5s,default,10,,10,5.0005092,24.599999999999998,12.1,12.5,4.579166666666659,3.728653254679091
SCIP,L9_P3_C4_diag5s,warm_start,10,10,10,10.71649711450002,6.85,5.45,1.3999999999999986,0.5683333333333306,0.0
SCIP,L9_P3_C4_fair12s,default,10,,10,12.000323999999999,13.100000000000001,7.800000000000002,5.300000000000001,1.964999999999996,7.994276306526125
SCIP,L9_P3_C4_fair12s,warm_start,10,10,10,12.000530114500021,6.85,5.45,1.3999999999999986,0.5683333333333306,0.0
SCIP,L9_P3_C5_diag3s,default,10,,10,3.0003128,39.84,18.240000000000006,21.6,5.668898809523801,2.2201306535532574
SCIP,L9_P3_C5_diag3s,warm_start,10,10,10,9.20874185470002,10.48,7.28,3.200000000000003,0.7446790540540514,2.9466108165939824e-16
SCIP,L9_P3_C6_diag3s,default,10,,10,3.0017151,53.8,20.9,32.9,11.169588164456567,2.2944334942888545
SCIP,L9_P3_C6_diag3s,warm_start,10,10,10,17.526653565500013,13.266666666666667,8.766666666666667,4.5,1.3996434363914347,1.1158122480900887e-16
