instancia,condicion,seed_scip,presupuesto_total_s,tiempo_heuristica_s,limite_scip_s,tiempo_scip_s,tiempo_pipeline_s,estado,tiempo_primer_incumbente_s,calidad_primer_incumbente,tiempo_mejor_incumbente_s,mejor_objetivo,cota_dual,gap_final,primal_integral_normalizada,primal_dual_integral_scip,nodos,iteraciones_lp,soluciones,warm_checked,warm_accepted,warm_reason,warm_objetivo,warm_T,warm_no_satisfechos,final_validador_independiente,final_T,final_suma_z
c_n_9_l_3_s_4_i_0,default,0,12.0,0.0,12.0,12.000089,12.000089,timelimit,0.09727999999999999,40.0,10.674313,11.0,5.000000000000007,1.1999999999999968,8.279320683102767,938.5359975482443,312,51237,6,False,False,no_aplica,,,,True,8.0,33
c_n_9_l_3_s_4_i_0,warm_start,0,12.0,5.341694866000125,6.658305133999875,6.658469,12.000163866000126,timelimit,0.0,7.0,0.0,7.0,5.000000000000007,0.399999999999998,0.0,214.52677678571374,51,20456,1,True,True,ok,7.0,7.0,0,True,7.0,36
c_n_9_l_3_s_4_i_1,default,1,12.0,0.0,12.0,12.000289,12.000289,timelimit,0.079342,50.5,10.554565,10.500000000000004,3.000000000000007,2.499999999999993,7.41121696103326,1008.3308533865037,401,54104,8,False,False,no_aplica,,,,True,6.500000000000003,32
c_n_9_l_3_s_4_i_1,warm_start,1,12.0,4.61923318900017,7.38076681099983,7.381002,12.000235189000168,timelimit,0.0,7.0,0.0,7.0,3.000000000000007,1.3333333333333277,0.0,436.2098732142851,50,18068,1,True,True,ok,7.0,5.0,2,True,5.0,34
c_n_9_l_3_s_4_i_2,default,2,12.0,0.0,12.0,12.00012,12.00012,timelimit,0.076724,35.0,10.15508,11.0,5.000000000000011,1.1999999999999953,8.217722793650793,971.9793991486289,131,60163,5,False,False,no_aplica,,,,True,7.0,32
c_n_9_l_3_s_4_i_2,warm_start,2,12.0,5.490214949999881,6.509785050000119,6.509965,12.000179949999882,timelimit,0.0,8.0,0.0,8.0,5.000000000000014,0.5999999999999954,0.0,271.13223437499903,47,20689,1,True,True,ok,8.0,5.0,3,True,5.0,33
c_n_9_l_3_s_4_i_3,default,3,12.0,0.0,12.0,12.000081,12.000081,timelimit,0.077163,25.5,9.119575,13.0,5.000000000000007,1.5999999999999963,7.675163637042743,849.3078829262377,186,70455,6,False,False,no_aplica,,,,True,5.0,28
c_n_9_l_3_s_4_i_3,warm_start,3,12.0,7.438289011000052,4.561710988999948,4.563913,12.002202011000051,timelimit,0.0,6.0,0.0,6.0,5.000000000000007,0.1999999999999983,0.0,57.53352708333319,46,29020,1,True,True,ok,6.0,5.0,1,True,5.0,35
c_n_9_l_3_s_4_i_4,default,4,12.0,0.0,12.0,12.000057,12.000057,timelimit,0.043546,30.0,9.93163,14.0,4.0,2.5,8.658595400000001,1014.7225176190476,77,47124,2,False,False,no_aplica,,,,True,8.0,30
c_n_9_l_3_s_4_i_4,warm_start,4,12.0,5.273345632999963,6.726654367000037,6.727576,12.000921632999962,timelimit,0.0,7.0,0.0,7.0,4.0000000000000036,0.7499999999999984,0.0,308.08163571428537,37,18257,1,True,True,ok,7.0,7.0,0,True,7.0,36
c_n_9_l_3_s_4_i_5,default,5,12.0,0.0,12.0,12.001626,12.001626,timelimit,0.08005799999999999,28.5,10.958385,13.5,5.000000000000011,1.6999999999999942,7.924958524327898,868.0808325900394,149,44493,6,False,False,no_aplica,,,,True,6.5,29
c_n_9_l_3_s_4_i_5,warm_start,5,12.0,5.507469980999986,6.492530019000014,6.492605,12.000074980999987,timelimit,0.0,6.0,0.0,6.0,5.000000000000007,0.1999999999999983,0.0,68.75972291666653,82,44668,1,True,True,ok,6.0,5.0,1,True,5.0,35
c_n_9_l_3_s_4_i_6,default,6,12.0,0.0,12.0,12.000042,12.000042,timelimit,0.064594,35.0,11.812252,16.000000000000007,5.0000000000000036,2.1999999999999993,9.08126905315126,982.729043424639,151,70797,6,False,False,no_aplica,,,,True,12.00000000000001,32
c_n_9_l_3_s_4_i_6,warm_start,6,12.0,5.7998391779999565,6.2001608220000435,6.200297,12.000136177999956,timelimit,0.0,6.5,0.0,6.5,5.0000000000000036,0.2999999999999991,0.0,174.92840192307662,37,17938,1,True,True,ok,6.5,6.5,0,True,6.5,36
c_n_9_l_3_s_4_i_7,default,7,12.0,0.0,12.0,12.000421,12.000421,timelimit,0.070532,27.5,9.324413,14.0,4.000000000000007,2.499999999999994,7.803836215151516,968.4120638744585,210,59483,4,False,False,no_aplica,,,,True,8.0,30
c_n_9_l_3_s_4_i_7,warm_start,7,12.0,4.776573277000125,7.223426722999875,7.223512,12.000085277000125,timelimit,0.0,7.0,0.0,7.0,4.000000000000011,0.7499999999999953,0.0,337.9375499999991,91,50770,1,True,True,ok,7.0,5.0,2,True,5.0,34
c_n_9_l_3_s_4_i_8,default,8,12.0,0.0,12.0,12.000283,12.000283,timelimit,0.090859,34.0,11.770595,15.0,5.000000000000007,1.9999999999999958,8.355155230161753,946.0130278425454,431,71377,10,False,False,no_aplica,,,,True,9.0,30
c_n_9_l_3_s_4_i_8,warm_start,8,12.0,7.317683660000057,4.682316339999943,4.683439,12.001122660000057,timelimit,0.0,7.0,0.0,7.0,5.000000000000007,0.399999999999998,0.0,165.04884999999967,31,23263,1,True,True,ok,7.0,5.0,2,True,5.0,34
c_n_9_l_3_s_4_i_9,default,9,12.0,0.0,12.0,12.000232,12.000232,timelimit,0.07586999999999999,29.0,3.294541,13.0,4.0000000000000036,2.2499999999999973,6.535524567639257,896.0807134283816,120,76183,2,False,False,no_aplica,,,,True,8.0,31
c_n_9_l_3_s_4_i_9,warm_start,9,12.0,5.597520399999894,6.402479600000106,6.402659,12.000179399999894,timelimit,0.0,7.0,0.0,7.0,4.000000000000007,0.7499999999999969,0.0,296.0089119047614,71,43007,1,True,True,ok,7.0,4.0,3,True,4.0,33
