instancia,estudiante,curso
c_n_9_l_3_s_6_i_0,1,6
c_n_9_l_3_s_6_i_0,2,3
c_n_9_l_3_s_6_i_0,3,3
c_n_9_l_3_s_6_i_0,4,5
c_n_9_l_3_s_6_i_0,5,5
c_n_9_l_3_s_6_i_0,6,6
c_n_9_l_3_s_6_i_0,7,1
c_n_9_l_3_s_6_i_0,8,5
c_n_9_l_3_s_6_i_0,9,6
c_n_9_l_3_s_6_i_0,10,3
c_n_9_l_3_s_6_i_0,11,1
c_n_9_l_3_s_6_i_0,12,4
c_n_9_l_3_s_6_i_0,13,4
c_n_9_l_3_s_6_i_0,14,4
c_n_9_l_3_s_6_i_0,15,6
c_n_9_l_3_s_6_i_0,16,2
c_n_9_l_3_s_6_i_0,17,4
c_n_9_l_3_s_6_i_0,18,6
c_n_9_l_3_s_6_i_0,19,6
c_n_9_l_3_s_6_i_0,20,3
c_n_9_l_3_s_6_i_0,21,1
c_n_9_l_3_s_6_i_0,22,2
c_n_9_l_3_s_6_i_0,23,4
c_n_9_l_3_s_6_i_0,24,5
c_n_9_l_3_s_6_i_0,25,4
c_n_9_l_3_s_6_i_0,26,2
c_n_9_l_3_s_6_i_0,27,2
c_n_9_l_3_s_6_i_0,28,2
c_n_9_l_3_s_6_i_0,29,3
c_n_9_l_3_s_6_i_0,30,1
c_n_9_l_3_s_6_i_0,31,5
c_n_9_l_3_s_6_i_0,32,3
c_n_9_l_3_s_6_i_0,33,1
c_n_9_l_3_s_6_i_0,34,1
c_n_9_l_3_s_6_i_0,35,2
c_n_9_l_3_s_6_i_0,36,3
c_n_9_l_3_s_6_i_0,37,6
c_n_9_l_3_s_6_i_0,38,1
c_n_9_l_3_s_6_i_0,39,5
c_n_9_l_3_s_6_i_0,40,5
c_n_9_l_3_s_6_i_0,41,2
c_n_9_l_3_s_6_i_0,42,4
c_n_9_l_3_s_6_i_0,43,3
c_n_9_l_3_s_6_i_0,44,6
c_n_9_l_3_s_6_i_0,45,3
c_n_9_l_3_s_6_i_0,46,2
c_n_9_l_3_s_6_i_0,47,5
c_n_9_l_3_s_6_i_0,48,1
c_n_9_l_3_s_6_i_0,49,1
c_n_9_l_3_s_6_i_0,50,2
c_n_9_l_3_s_6_i_0,51,6
c_n_9_l_3_s_6_i_0,52,5
c_n_9_l_3_s_6_i_0,53,4
c_n_9_l_3_s_6_i_0,54,4
c_n_9_l_3_s_6_i_1,1,5
c_n_9_l_3_s_6_i_1,2,3
c_n_9_l_3_s_6_i_1,3,5
c_n_9_l_3_s_6_i_1,4,6
c_n_9_l_3_s_6_i_1,5,5
c_n_9_l_3_s_6_i_1,6,3
c_n_9_l_3_s_6_i_1,7,4
c_n_9_l_3_s_6_i_1,8,6
c_n_9_l_3_s_6_i_1,9,3
c_n_9_l_3_s_6_i_1,10,2
c_n_9_l_3_s_6_i_1,11,1
c_n_9_l_3_s_6_i_1,12,6
c_n_9_l_3_s_6_i_1,13,1
c_n_9_l_3_s_6_i_1,14,3
c_n_9_l_3_s_6_i_1,15,5
c_n_9_l_3_s_6_i_1,16,6
c_n_9_l_3_s_6_i_1,17,3
c_n_9_l_3_s_6_i_1,18,5
c_n_9_l_3_s_6_i_1,19,2
c_n_9_l_3_s_6_i_1,20,4
c_n_9_l_3_s_6_i_1,21,3
c_n_9_l_3_s_6_i_1,22,2
c_n_9_l_3_s_6_i_1,23,5
c_n_9_l_3_s_6_i_1,24,4
c_n_9_l_3_s_6_i_1,25,6
c_n_9_l_3_s_6_i_1,26,2
c_n_9_l_3_s_6_i_1,27,6
c_n_9_l_3_s_6_i_1,28,6
c_n_9_l_3_s_6_i_1,29,1
c_n_9_l_3_s_6_i_1,30,3
c_n_9_l_3_s_6_i_1,31,4
c_n_9_l_3_s_6_i_1,32,4
c_n_9_l_3_s_6_i_1,33,3
c_n_9_l_3_s_6_i_1,34,2
c_n_9_l_3_s_6_i_1,35,4
c_n_9_l_3_s_6_i_1,36,1
c_n_9_l_3_s_6_i_1,37,4
c_n_9_l_3_s_6_i_1,38,5
c_n_9_l_3_s_6_i_1,39,2
c_n_9_l_3_s_6_i_1,40,2
c_n_9_l_3_s_6_i_1,41,5
c_n_9_l_3_s_6_i_1,42,6
c_n_9_l_3_s_6_i_1,43,4
c_n_9_l_3_s_6_i_1,44,1
c_n_9_l_3_s_6_i_1,45,1
c_n_9_l_3_s_6_i_1,46,1
c_n_9_l_3_s_6_i_1,47,5
c_n_9_l_3_s_6_i_1,48,3
c_n_9_l_3_s_6_i_1,49,4
c_n_9_l_3_s_6_i_1,50,2
c_n_9_l_3_s_6_i_1,51,6
c_n_9_l_3_s_6_i_1,52,1
c_n_9_l_3_s_6_i_1,53,1
c_n_9_l_3_s_6_i_1,54,2
c_n_9_l_3_s_6_i_2,1,2
c_n_9_l_3_s_6_i_2,2,1
c_n_9_l_3_s_6_i_2,3,4
c_n_9_l_3_s_6_i_2,4,4
c_n_9_l_3_s_6_i_2,5,2
c_n_9_l_3_s_6_i_2,6,5
c_n_9_l_3_s_6_i_2,7,3
c_n_9_l_3_s_6_i_2,8,6
c_n_9_l_3_s_6_i_2,9,5
c_n_9_l_3_s_6_i_2,10,2
c_n_9_l_3_s_6_i_2,11,3
c_n_9_l_3_s_6_i_2,12,5
c_n_9_l_3_s_6_i_2,13,3
c_n_9_l_3_s_6_i_2,14,4
c_n_9_l_3_s_6_i_2,15,5
c_n_9_l_3_s_6_i_2,16,1
c_n_9_l_3_s_6_i_2,17,2
c_n_9_l_3_s_6_i_2,18,1
c_n_9_l_3_s_6_i_2,19,1
c_n_9_l_3_s_6_i_2,20,5
c_n_9_l_3_s_6_i_2,21,3
c_n_9_l_3_s_6_i_2,22,3
c_n_9_l_3_s_6_i_2,23,6
c_n_9_l_3_s_6_i_2,24,2
c_n_9_l_3_s_6_i_2,25,1
c_n_9_l_3_s_6_i_2,26,3
c_n_9_l_3_s_6_i_2,27,3
c_n_9_l_3_s_6_i_2,28,4
c_n_9_l_3_s_6_i_2,29,1
c_n_9_l_3_s_6_i_2,30,6
c_n_9_l_3_s_6_i_2,31,5
c_n_9_l_3_s_6_i_2,32,1
c_n_9_l_3_s_6_i_2,33,4
c_n_9_l_3_s_6_i_2,34,4
c_n_9_l_3_s_6_i_2,35,4
c_n_9_l_3_s_6_i_2,36,5
c_n_9_l_3_s_6_i_2,37,3
c_n_9_l_3_s_6_i_2,38,4
c_n_9_l_3_s_6_i_2,39,6
c_n_9_l_3_s_6_i_2,40,4
c_n_9_l_3_s_6_i_2,41,6
c_n_9_l_3_s_6_i_2,42,2
c_n_9_l_3_s_6_i_2,43,1
c_n_9_l_3_s_6_i_2,44,6
c_n_9_l_3_s_6_i_2,45,2
c_n_9_l_3_s_6_i_2,46,6
c_n_9_l_3_s_6_i_2,47,1
c_n_9_l_3_s_6_i_2,48,2
c_n_9_l_3_s_6_i_2,49,5
c_n_9_l_3_s_6_i_2,50,6
c_n_9_l_3_s_6_i_2,51,6
c_n_9_l_3_s_6_i_2,52,3
c_n_9_l_3_s_6_i_2,53,5
c_n_9_l_3_s_6_i_2,54,2
c_n_9_l_3_s_6_i_3,1,1
c_n_9_l_3_s_6_i_3,2,6
c_n_9_l_3_s_6_i_3,3,4
c_n_9_l_3_s_6_i_3,4,3
c_n_9_l_3_s_6_i_3,5,4
c_n_9_l_3_s_6_i_3,6,3
c_n_9_l_3_s_6_i_3,7,2
c_n_9_l_3_s_6_i_3,8,3
c_n_9_l_3_s_6_i_3,9,6
c_n_9_l_3_s_6_i_3,10,3
c_n_9_l_3_s_6_i_3,11,1
c_n_9_l_3_s_6_i_3,12,3
c_n_9_l_3_s_6_i_3,13,5
c_n_9_l_3_s_6_i_3,14,6
c_n_9_l_3_s_6_i_3,15,5
c_n_9_l_3_s_6_i_3,16,5
c_n_9_l_3_s_6_i_3,17,1
c_n_9_l_3_s_6_i_3,18,4
c_n_9_l_3_s_6_i_3,19,2
c_n_9_l_3_s_6_i_3,20,2
c_n_9_l_3_s_6_i_3,21,5
c_n_9_l_3_s_6_i_3,22,1
c_n_9_l_3_s_6_i_3,23,6
c_n_9_l_3_s_6_i_3,24,1
c_n_9_l_3_s_6_i_3,25,6
c_n_9_l_3_s_6_i_3,26,4
c_n_9_l_3_s_6_i_3,27,6
c_n_9_l_3_s_6_i_3,28,4
c_n_9_l_3_s_6_i_3,29,4
c_n_9_l_3_s_6_i_3,30,2
c_n_9_l_3_s_6_i_3,31,1
c_n_9_l_3_s_6_i_3,32,5
c_n_9_l_3_s_6_i_3,33,5
c_n_9_l_3_s_6_i_3,34,2
c_n_9_l_3_s_6_i_3,35,6
c_n_9_l_3_s_6_i_3,36,3
c_n_9_l_3_s_6_i_3,37,6
c_n_9_l_3_s_6_i_3,38,1
c_n_9_l_3_s_6_i_3,39,5
c_n_9_l_3_s_6_i_3,40,4
c_n_9_l_3_s_6_i_3,41,2
c_n_9_l_3_s_6_i_3,42,3
c_n_9_l_3_s_6_i_3,43,1
c_n_9_l_3_s_6_i_3,44,2
c_n_9_l_3_s_6_i_3,45,3
c_n_9_l_3_s_6_i_3,46,5
c_n_9_l_3_s_6_i_3,47,4
c_n_9_l_3_s_6_i_3,48,5
c_n_9_l_3_s_6_i_3,49,6
c_n_9_l_3_s_6_i_3,50,3
c_n_9_l_3_s_6_i_3,51,4
c_n_9_l_3_s_6_i_3,52,1
c_n_9_l_3_s_6_i_3,53,2
c_n_9_l_3_s_6_i_3,54,2
c_n_9_l_3_s_6_i_4,1,2
c_n_9_l_3_s_6_i_4,2,1
c_n_9_l_3_s_6_i_4,3,5
c_n_9_l_3_s_6_i_4,4,2
c_n_9_l_3_s_6_i_4,5,2
c_n_9_l_3_s_6_i_4,6,4
c_n_9_l_3_s_6_i_4,7,3
c_n_9_l_3_s_6_i_4,8,1
c_n_9_l_3_s_6_i_4,9,2
c_n_9_l_3_s_6_i_4,10,4
c_n_9_l_3_s_6_i_4,11,1
c_n_9_l_3_s_6_i_4,12,5
c_n_9_l_3_s_6_i_4,13,4
c_n_9_l_3_s_6_i_4,14,1
c_n_9_l_3_s_6_i_4,15,3
c_n_9_l_3_s_6_i_4,16,1
c_n_9_l_3_s_6_i_4,17,6
c_n_9_l_3_s_6_i_4,18,1
c_n_9_l_3_s_6_i_4,19,3
c_n_9_l_3_s_6_i_4,20,4
c_n_9_l_3_s_6_i_4,21,5
c_n_9_l_3_s_6_i_4,22,5
c_n_9_l_3_s_6_i_4,23,6
c_n_9_l_3_s_6_i_4,24,3
c_n_9_l_3_s_6_i_4,25,3
c_n_9_l_3_s_6_i_4,26,6
c_n_9_l_3_s_6_i_4,27,6
c_n_9_l_3_s_6_i_4,28,5
c_n_9_l_3_s_6_i_4,29,1
c_n_9_l_3_s_6_i_4,30,6
c_n_9_l_3_s_6_i_4,31,6
c_n_9_l_3_s_6_i_4,32,3
c_n_9_l_3_s_6_i_4,33,2
c_n_9_l_3_s_6_i_4,34,5
c_n_9_l_3_s_6_i_4,35,3
c_n_9_l_3_s_6_i_4,36,5
c_n_9_l_3_s_6_i_4,37,4
c_n_9_l_3_s_6_i_4,38,3
c_n_9_l_3_s_6_i_4,39,6
c_n_9_l_3_s_6_i_4,40,2
c_n_9_l_3_s_6_i_4,41,1
c_n_9_l_3_s_6_i_4,42,4
c_n_9_l_3_s_6_i_4,43,4
c_n_9_l_3_s_6_i_4,44,2
c_n_9_l_3_s_6_i_4,45,4
c_n_9_l_3_s_6_i_4,46,4
c_n_9_l_3_s_6_i_4,47,6
c_n_9_l_3_s_6_i_4,48,5
c_n_9_l_3_s_6_i_4,49,2
c_n_9_l_3_s_6_i_4,50,2
c_n_9_l_3_s_6_i_4,51,6
c_n_9_l_3_s_6_i_4,52,5
c_n_9_l_3_s_6_i_4,53,1
c_n_9_l_3_s_6_i_4,54,3
c_n_9_l_3_s_6_i_5,1,2
c_n_9_l_3_s_6_i_5,2,6
c_n_9_l_3_s_6_i_5,3,3
c_n_9_l_3_s_6_i_5,4,4
c_n_9_l_3_s_6_i_5,5,3
c_n_9_l_3_s_6_i_5,6,5
c_n_9_l_3_s_6_i_5,7,3
c_n_9_l_3_s_6_i_5,8,6
c_n_9_l_3_s_6_i_5,9,6
c_n_9_l_3_s_6_i_5,10,5
c_n_9_l_3_s_6_i_5,11,1
c_n_9_l_3_s_6_i_5,12,6
c_n_9_l_3_s_6_i_5,13,3
c_n_9_l_3_s_6_i_5,14,1
c_n_9_l_3_s_6_i_5,15,4
c_n_9_l_3_s_6_i_5,16,5
c_n_9_l_3_s_6_i_5,17,2
c_n_9_l_3_s_6_i_5,18,2
c_n_9_l_3_s_6_i_5,19,3
c_n_9_l_3_s_6_i_5,20,3
c_n_9_l_3_s_6_i_5,21,4
c_n_9_l_3_s_6_i_5,22,2
c_n_9_l_3_s_6_i_5,23,1
c_n_9_l_3_s_6_i_5,24,5
c_n_9_l_3_s_6_i_5,25,2
c_n_9_l_3_s_6_i_5,26,1
c_n_9_l_3_s_6_i_5,27,5
c_n_9_l_3_s_6_i_5,28,3
c_n_9_l_3_s_6_i_5,29,5
c_n_9_l_3_s_6_i_5,30,2
c_n_9_l_3_s_6_i_5,31,4
c_n_9_l_3_s_6_i_5,32,4
c_n_9_l_3_s_6_i_5,33,4
c_n_9_l_3_s_6_i_5,34,1
c_n_9_l_3_s_6_i_5,35,5
c_n_9_l_3_s_6_i_5,36,6
c_n_9_l_3_s_6_i_5,37,5
c_n_9_l_3_s_6_i_5,38,6
c_n_9_l_3_s_6_i_5,39,3
c_n_9_l_3_s_6_i_5,40,1
c_n_9_l_3_s_6_i_5,41,1
c_n_9_l_3_s_6_i_5,42,3
c_n_9_l_3_s_6_i_5,43,5
c_n_9_l_3_s_6_i_5,44,4
c_n_9_l_3_s_6_i_5,45,6
c_n_9_l_3_s_6_i_5,46,1
c_n_9_l_3_s_6_i_5,47,4
c_n_9_l_3_s_6_i_5,48,2
c_n_9_l_3_s_6_i_5,49,6
c_n_9_l_3_s_6_i_5,50,2
c_n_9_l_3_s_6_i_5,51,6
c_n_9_l_3_s_6_i_5,52,1
c_n_9_l_3_s_6_i_5,53,4
c_n_9_l_3_s_6_i_5,54,2
c_n_9_l_3_s_6_i_6,1,1
c_n_9_l_3_s_6_i_6,2,4
c_n_9_l_3_s_6_i_6,3,6
c_n_9_l_3_s_6_i_6,4,1
c_n_9_l_3_s_6_i_6,5,6
c_n_9_l_3_s_6_i_6,6,2
c_n_9_l_3_s_6_i_6,7,4
c_n_9_l_3_s_6_i_6,8,3
c_n_9_l_3_s_6_i_6,9,3
c_n_9_l_3_s_6_i_6,10,6
c_n_9_l_3_s_6_i_6,11,4
c_n_9_l_3_s_6_i_6,12,1
c_n_9_l_3_s_6_i_6,13,6
c_n_9_l_3_s_6_i_6,14,2
c_n_9_l_3_s_6_i_6,15,4
c_n_9_l_3_s_6_i_6,16,1
c_n_9_l_3_s_6_i_6,17,3
c_n_9_l_3_s_6_i_6,18,5
c_n_9_l_3_s_6_i_6,19,6
c_n_9_l_3_s_6_i_6,20,5
c_n_9_l_3_s_6_i_6,21,2
c_n_9_l_3_s_6_i_6,22,1
c_n_9_l_3_s_6_i_6,23,3
c_n_9_l_3_s_6_i_6,24,4
c_n_9_l_3_s_6_i_6,25,5
c_n_9_l_3_s_6_i_6,26,3
c_n_9_l_3_s_6_i_6,27,1
c_n_9_l_3_s_6_i_6,28,6
c_n_9_l_3_s_6_i_6,29,6
c_n_9_l_3_s_6_i_6,30,6
c_n_9_l_3_s_6_i_6,31,1
c_n_9_l_3_s_6_i_6,32,5
c_n_9_l_3_s_6_i_6,33,2
c_n_9_l_3_s_6_i_6,34,4
c_n_9_l_3_s_6_i_6,35,2
c_n_9_l_3_s_6_i_6,36,5
c_n_9_l_3_s_6_i_6,37,5
c_n_9_l_3_s_6_i_6,38,2
c_n_9_l_3_s_6_i_6,39,2
c_n_9_l_3_s_6_i_6,40,4
c_n_9_l_3_s_6_i_6,41,1
c_n_9_l_3_s_6_i_6,42,3
c_n_9_l_3_s_6_i_6,43,4
c_n_9_l_3_s_6_i_6,44,3
c_n_9_l_3_s_6_i_6,45,5
c_n_9_l_3_s_6_i_6,46,5
c_n_9_l_3_s_6_i_6,47,2
c_n_9_l_3_s_6_i_6,48,3
c_n_9_l_3_s_6_i_6,49,3
c_n_9_l_3_s_6_i_6,50,1
c_n_9_l_3_s_6_i_6,51,5
c_n_9_l_3_s_6_i_6,52,2
c_n_9_l_3_s_6_i_6,53,6
c_n_9_l_3_s_6_i_6,54,4
c_n_9_l_3_s_6_i_7,1,4
c_n_9_l_3_s_6_i_7,2,6
c_n_9_l_3_s_6_i_7,3,1
c_n_9_l_3_s_6_i_7,4,4
c_n_9_l_3_s_6_i_7,5,5
c_n_9_l_3_s_6_i_7,6,5
c_n_9_l_3_s_6_i_7,7,2
c_n_9_l_3_s_6_i_7,8,2
c_n_9_l_3_s_6_i_7,9,6
c_n_9_l_3_s_6_i_7,10,4
c_n_9_l_3_s_6_i_7,11,1
c_n_9_l_3_s_6_i_7,12,4
c_n_9_l_3_s_6_i_7,13,3
c_n_9_l_3_s_6_i_7,14,1
c_n_9_l_3_s_6_i_7,15,2
c_n_9_l_3_s_6_i_7,16,1
c_n_9_l_3_s_6_i_7,17,1
c_n_9_l_3_s_6_i_7,18,2
c_n_9_l_3_s_6_i_7,19,5
c_n_9_l_3_s_6_i_7,20,6
c_n_9_l_3_s_6_i_7,21,3
c_n_9_l_3_s_6_i_7,22,5
c_n_9_l_3_s_6_i_7,23,2
c_n_9_l_3_s_6_i_7,24,4
c_n_9_l_3_s_6_i_7,25,3
c_n_9_l_3_s_6_i_7,26,2
c_n_9_l_3_s_6_i_7,27,4
c_n_9_l_3_s_6_i_7,28,3
c_n_9_l_3_s_6_i_7,29,3
c_n_9_l_3_s_6_i_7,30,3
c_n_9_l_3_s_6_i_7,31,6
c_n_9_l_3_s_6_i_7,32,1
c_n_9_l_3_s_6_i_7,33,1
c_n_9_l_3_s_6_i_7,34,3
c_n_9_l_3_s_6_i_7,35,5
c_n_9_l_3_s_6_i_7,36,4
c_n_9_l_3_s_6_i_7,37,3
c_n_9_l_3_s_6_i_7,38,5
c_n_9_l_3_s_6_i_7,39,6
c_n_9_l_3_s_6_i_7,40,5
c_n_9_l_3_s_6_i_7,41,2
c_n_9_l_3_s_6_i_7,42,2
c_n_9_l_3_s_6_i_7,43,6
c_n_9_l_3_s_6_i_7,44,6
c_n_9_l_3_s_6_i_7,45,5
c_n_9_l_3_s_6_i_7,46,5
c_n_9_l_3_s_6_i_7,47,2
c_n_9_l_3_s_6_i_7,48,4
c_n_9_l_3_s_6_i_7,49,1
c_n_9_l_3_s_6_i_7,50,6
c_n_9_l_3_s_6_i_7,51,3
c_n_9_l_3_s_6_i_7,52,1
c_n_9_l_3_s_6_i_7,53,4
c_n_9_l_3_s_6_i_7,54,6
c_n_9_l_3_s_6_i_8,1,4
c_n_9_l_3_s_6_i_8,2,3
c_n_9_l_3_s_6_i_8,3,6
c_n_9_l_3_s_6_i_8,4,4
c_n_9_l_3_s_6_i_8,5,3
c_n_9_l_3_s_6_i_8,6,6
c_n_9_l_3_s_6_i_8,7,3
c_n_9_l_3_s_6_i_8,8,3
c_n_9_l_3_s_6_i_8,9,6
c_n_9_l_3_s_6_i_8,10,6
c_n_9_l_3_s_6_i_8,11,2
c_n_9_l_3_s_6_i_8,12,4
c_n_9_l_3_s_6_i_8,13,5
c_n_9_l_3_s_6_i_8,14,4
c_n_9_l_3_s_6_i_8,15,6
c_n_9_l_3_s_6_i_8,16,2
c_n_9_l_3_s_6_i_8,17,1
c_n_9_l_3_s_6_i_8,18,6
c_n_9_l_3_s_6_i_8,19,5
c_n_9_l_3_s_6_i_8,20,6
c_n_9_l_3_s_6_i_8,21,2
c_n_9_l_3_s_6_i_8,22,5
c_n_9_l_3_s_6_i_8,23,1
c_n_9_l_3_s_6_i_8,24,1
c_n_9_l_3_s_6_i_8,25,1
c_n_9_l_3_s_6_i_8,26,1
c_n_9_l_3_s_6_i_8,27,3
c_n_9_l_3_s_6_i_8,28,5
c_n_9_l_3_s_6_i_8,29,2
c_n_9_l_3_s_6_i_8,30,5
c_n_9_l_3_s_6_i_8,31,1
c_n_9_l_3_s_6_i_8,32,1
c_n_9_l_3_s_6_i_8,33,6
c_n_9_l_3_s_6_i_8,34,5
c_n_9_l_3_s_6_i_8,35,4
c_n_9_l_3_s_6_i_8,36,2
c_n_9_l_3_s_6_i_8,37,5
c_n_9_l_3_s_6_i_8,38,2
c_n_9_l_3_s_6_i_8,39,1
c_n_9_l_3_s_6_i_8,40,2
c_n_9_l_3_s_6_i_8,41,4
c_n_9_l_3_s_6_i_8,42,2
c_n_9_l_3_s_6_i_8,43,6
c_n_9_l_3_s_6_i_8,44,2
c_n_9_l_3_s_6_i_8,45,4
c_n_9_l_3_s_6_i_8,46,3
c_n_9_l_3_s_6_i_8,47,3
c_n_9_l_3_s_6_i_8,48,5
c_n_9_l_3_s_6_i_8,49,1
c_n_9_l_3_s_6_i_8,50,5
c_n_9_l_3_s_6_i_8,51,4
c_n_9_l_3_s_6_i_8,52,3
c_n_9_l_3_s_6_i_8,53,3
c_n_9_l_3_s_6_i_8,54,4
c_n_9_l_3_s_6_i_9,1,4
c_n_9_l_3_s_6_i_9,2,6
c_n_9_l_3_s_6_i_9,3,6
c_n_9_l_3_s_6_i_9,4,5
c_n_9_l_3_s_6_i_9,5,6
c_n_9_l_3_s_6_i_9,6,4
c_n_9_l_3_s_6_i_9,7,5
c_n_9_l_3_s_6_i_9,8,1
c_n_9_l_3_s_6_i_9,9,4
c_n_9_l_3_s_6_i_9,10,4
c_n_9_l_3_s_6_i_9,11,3
c_n_9_l_3_s_6_i_9,12,4
c_n_9_l_3_s_6_i_9,13,3
c_n_9_l_3_s_6_i_9,14,1
c_n_9_l_3_s_6_i_9,15,5
c_n_9_l_3_s_6_i_9,16,1
c_n_9_l_3_s_6_i_9,17,1
c_n_9_l_3_s_6_i_9,18,2
c_n_9_l_3_s_6_i_9,19,3
c_n_9_l_3_s_6_i_9,20,3
c_n_9_l_3_s_6_i_9,21,2
c_n_9_l_3_s_6_i_9,22,1
c_n_9_l_3_s_6_i_9,23,1
c_n_9_l_3_s_6_i_9,24,6
c_n_9_l_3_s_6_i_9,25,3
c_n_9_l_3_s_6_i_9,26,2
c_n_9_l_3_s_6_i_9,27,5
c_n_9_l_3_s_6_i_9,28,2
c_n_9_l_3_s_6_i_9,29,2
c_n_9_l_3_s_6_i_9,30,5
c_n_9_l_3_s_6_i_9,31,2
c_n_9_l_3_s_6_i_9,32,6
c_n_9_l_3_s_6_i_9,33,6
c_n_9_l_3_s_6_i_9,34,6
c_n_9_l_3_s_6_i_9,35,4
c_n_9_l_3_s_6_i_9,36,6
c_n_9_l_3_s_6_i_9,37,4
c_n_9_l_3_s_6_i_9,38,1
c_n_9_l_3_s_6_i_9,39,2
c_n_9_l_3_s_6_i_9,40,5
c_n_9_l_3_s_6_i_9,41,3
c_n_9_l_3_s_6_i_9,42,4
c_n_9_l_3_s_6_i_9,43,2
c_n_9_l_3_s_6_i_9,44,1
c_n_9_l_3_s_6_i_9,45,5
c_n_9_l_3_s_6_i_9,46,6
c_n_9_l_3_s_6_i_9,47,5
c_n_9_l_3_s_6_i_9,48,4
c_n_9_l_3_s_6_i_9,49,3
c_n_9_l_3_s_6_i_9,50,3
c_n_9_l_3_s_6_i_9,51,3
c_n_9_l_3_s_6_i_9,52,5
c_n_9_l_3_s_6_i_9,53,2
c_n_9_l_3_s_6_i_9,54,1
