instancia,N,L,P,C,semilla_heuristica,factible,tiempo_primera_factible_s,tiempo_construccion_s,tiempo_mejora_s,tiempo_total_s,objetivo,no_satisfechos,suma_z,T,F_academico,F_socioemocional,F_convivencia,viol_asignacion_unica,viol_capacidad,viol_separaciones,viol_genero,viol_origen,viol_total,validador_independiente_factible,coincide_objetivo_independiente,intentos,nodos_busqueda,backtracks,estados_bloqueados,reinicios_reparacion,swaps_reparacion,swaps_mejora,reubicaciones_mejora,archivo_solucion
c_n_9_l_3_s_6_i_0,54,9,3,6,20261001,True,0.19499010100003034,1.6337490470000375,12.420431307999934,14.05421424699989,15.666666666666668,5,49,10.666666666666668,10.333333333333332,10.666666666666668,10.666666666666668,0,0,0,0,0,0,True,True,8,432,0,0,0,0,32,0,soluciones/heur_c_n_9_l_3_s_6_i_0.txt
c_n_9_l_3_s_6_i_1,54,9,3,6,20261002,True,0.19777312699989125,1.5956092879998778,14.290130122999926,15.885779750999973,13.0,3,51,10.0,10.0,9.0,10.0,0,0,0,0,0,0,True,True,8,432,0,0,0,0,41,0,soluciones/heur_c_n_9_l_3_s_6_i_1.txt
c_n_9_l_3_s_6_i_2,54,9,3,6,20261003,True,0.1922569339999427,1.5459218000000874,11.760816596999803,13.306774612000027,12.666666666666666,4,50,8.666666666666666,6.0,8.666666666666666,8.666666666666666,0,0,0,0,0,0,True,True,8,432,0,0,0,0,31,0,soluciones/heur_c_n_9_l_3_s_6_i_2.txt
c_n_9_l_3_s_6_i_3,54,9,3,6,20261004,True,0.2025095760000113,1.577028041999938,15.302221091999854,16.87928566000005,15.333333333333332,7,47,8.333333333333332,8.0,8.333333333333332,7.333333333333334,0,0,0,0,0,0,True,True,8,432,0,0,0,0,38,0,soluciones/heur_c_n_9_l_3_s_6_i_3.txt
c_n_9_l_3_s_6_i_4,54,9,3,6,20261005,True,0.20248999999989792,1.6613029619998088,10.722244091999983,12.383585132000007,13.333333333333334,6,48,7.333333333333334,7.333333333333333,6.0,7.333333333333334,0,0,0,0,0,0,True,True,8,432,0,0,0,0,27,0,soluciones/heur_c_n_9_l_3_s_6_i_4.txt
c_n_9_l_3_s_6_i_5,54,9,3,6,20261006,True,0.1893295129998478,1.600823248999859,15.504884017999984,17.105743530999916,12.333333333333334,5,49,7.333333333333334,5.333333333333332,7.333333333333333,7.333333333333334,0,0,0,0,0,0,True,True,8,432,0,0,0,0,41,0,soluciones/heur_c_n_9_l_3_s_6_i_5.txt
c_n_9_l_3_s_6_i_6,54,9,3,6,20261007,True,0.2099089799999092,1.609855221999851,12.110566642000094,13.720456617000082,12.666666666666666,6,48,6.666666666666666,5.999999999999999,6.666666666666666,5.333333333333332,0,0,0,0,0,0,True,True,8,432,0,0,0,0,29,0,soluciones/heur_c_n_9_l_3_s_6_i_6.txt
c_n_9_l_3_s_6_i_7,54,9,3,6,20261008,True,0.19289269299997613,1.56207015699988,10.997506177999867,12.559612309000158,12.0,4,50,8.0,8.0,5.333333333333334,7.0,0,0,0,0,0,0,True,True,8,432,0,0,0,0,28,0,soluciones/heur_c_n_9_l_3_s_6_i_7.txt
c_n_9_l_3_s_6_i_8,54,9,3,6,20261009,True,0.20955228699995132,1.7055978089999826,13.154360623000002,14.859994776999883,13.666666666666668,3,51,10.666666666666668,10.0,9.0,10.666666666666668,0,0,0,0,0,0,True,True,8,432,0,0,0,0,31,0,soluciones/heur_c_n_9_l_3_s_6_i_8.txt
c_n_9_l_3_s_6_i_9,54,9,3,6,20261010,True,0.21152355599997463,1.614730523000162,12.887441167000134,14.502210019000131,12.0,2,52,10.0,8.666666666666666,9.0,10.0,0,0,0,0,0,0,True,True,8,432,0,0,0,0,33,0,soluciones/heur_c_n_9_l_3_s_6_i_9.txt
